CITY_STATE,COUNTY
"RAPID CITY, SD",PENNINGTON
"OAKDALE, CA",STANISLAUS
"BERKELEY, CA",ALAMEDA
"HALSEY, OR",LINN
"BERGEN, NJ",HUDSON
"JOSHUA TREE, CA",SAN BERNARDINO
"BROOKINGS, SD",BROOKINGS
"EL SEGUNDO, CA",LOS ANGELES
"GUERNSEY, TX",HIDALGO
"LACEY, WA",THURSTON
"FERNLEY, NV",LYON
"SELBY, CA",CONTRA COSTA
"PORT ARTHUR, TX",JEFFERSON
"GULF SHORES, AL",BALDWIN
"BETHANY, OK",OKLAHOMA
"Lambert Airport, MO",NA
"DODGE CITY, KS",FORD
"WATERLOO, IA",BLACK HAWK
"BAYONNE, NJ",HUDSON
"LAKE HAVASU CITY, AZ",MOHAVE
"PANORAMA CITY, CA",LOS ANGELES
"JASPER, MO",JASPER
"PETAL, MS",FORREST
"LUMBERTON, NC",ROBESON
"SEWAREN, NJ",MIDDLESEX
"SEATTLE, AZ",MARICOPA
"CHEYENNE, WY",LARAMIE
"REDLANDS, CA",SAN BERNARDINO
"FREEPORT, TX",BRAZORIA
"VISTA, CA",SAN DIEGO
"CENTRALIA, WA",LEWIS
"WESTLAKEÂ , LA",CALCASIEU
"EVERETT, MA",MIDDLESEX
"SIGNAL HILL, CA",LOS ANGELES
"BOULDER, CO",BOULDER
"EAST BOSTON, MA",SUFFOLK
"Denver, CO",DENVER
"LOUISVILLE, CO",BOULDER
"NEW ALBANY, IN",FLOYD
"SUNDOWN, TX",HOCKLEY
"MOSES LAKE, WA",GRANT
"LINDSAY, OK",GARVIN
"ROBINSON, IL",CRAWFORD
"LAWRENCE, KS",DOUGLAS
"MARION, IL",WILLIAMSON
"WESTWEGO, LA",JEFFERSON
"GUTHRIE, OK",OKLAHOMA
"MATHEWS, VA",MATHEWS
"ROHNERT PARK, CA",SONOMA
"Brunswick, MD",FREDERICK
"WOODBURN, OR",MARION
"DECATUR, AL",MORGAN
"MOLINE, IL",ROCK ISLAND
"GREENSBORO, NC",GUILFORD
"OAKLAND, CA",ALAMEDA
"SEATTLE, PA",WESTMORELAND
"AUSTIN, TX",TRAVIS
"MOUNT VERNON, MO",VERNON
"PORT NECHES, TX",JEFFERSON
"MASSILLON, OH",STARK
"Fort Morgan, CO",NA
"NORTH SALT LAKE, UT",DAVIS
"MONTROSE, IL",EFFINGHAM
"PORT READING, NJ",MIDDLESEX
"COLFAX, WA",WHITMAN
"JEFFERSON CITY, MO",COLE
"SOUTH CURTIS, TX",DENTON
"LAKE, IN",LAKE
"GIBSLAND, LA",BIENVILLE
"WARRENSBURG, MO",JOHNSON
"SUPERIOR, WI",DOUGLAS
"IMPERIAL BEACH, CA",SAN DIEGO
"SANTA BARBARA, CA",SANTA BARBARA
"KALISPELL, MT",FLATHEAD
"CONWAY, AR",FAULKNER
"PLAINVIEW, TX",HALE
"FLATHEAD, MT",FLATHEAD
"PARRISH, FL",MANATEE
"ROUNDUP, TX",HOCKLEY
"JACKSON, MI",JACKSON
"SAUNDERS, TX",TERRELL
"HEREFORD, TX",DEAF SMITH
"HEARNE, TX",ROBERTSON
"KIRKLAND, WA",KING
"FINDLAY, OH",HANCOCK
"OFFSHORE, LA",ST. MARY
"PHOENIX, AZ",MARICOPA
"MENTONE, TX",LOVING
"PAMPA, TX",GRAY
"EAST FAIRVIEW, ND",MCKENZIE
"CUT BANK, MT",GLACIER
"WOOD RIVER, IL",MADISON
"UNKNOWN, LA",NA
"DALLAS, OR",POLK
"Ogallala, NE",KEITH
"CHANNAHON, IL",WILL
"COMPTON, CA",LOS ANGELES
"COLORADO CITY, TX",MITCHELL
"SUPERIOR, IL",NA
"YAKIMA, WA",YAKIMA
" , LA",LOS ANGELES
"PFLUGERVILLE, TX",TRAVIS
"SPRINGFIELD, CA",TUOLUMNE
"Morristown, NJ",MORRIS
"COVINGTON, MS",COVINGTON
"SOUTH BEND, IN",ST. JOSEPH
"LEA, NM",LEA
" , TX",NA
"PORTLAND, OR",MULTNOMAH
"JACKSBORO, TX",JACK
"PHILADELPHIA, PA",PHILADELPHIA
"FORT DODGE, IA",NA
"HUMBLE, TX",HARRIS
"SEDGWICK, KS",HARVEY
"AGOURA, CA",LOS ANGELES
"VANCOUVER, WA",CLARK
"TENINO, WA",THURSTON
"GAIL, TX",BORDEN
"WHITE CASTLE, LA",IBERVILLE
"WOODS CROSS, UT",DAVIS
"BROOKSHIRE, TX",WALLER
"UNIVERSITY, TX",DALLAS
"GILLETTE, WY",CAMPBELL
"ARCADIA, LA",BIENVILLE
"CANON CITY, CO",FREMONT
"MOSINEE, WI",MARATHON
"WYNNEWOOD, OK",OKLAHOMA
"TACOMA, WA",PIERCE
"FORT LAUDERDALE, FL",LAKE
"PALMDALE, CA",LOS ANGELES
"CHICO, CA",BUTTE
"PALERMO, ND",MOUNTRAIL
"MILPITAS, CA",SANTA CLARA
"BLOOMINGTON, IN",MONROE
"STERLING, IL",WHITESIDE
"PERRY, GA",HOUSTON
"FRESNO, CA",FRESNO
"PASCO, WA",FRANKLIN
"SANDY, OR",CLACKAMAS
"MANHATTAN BEACH, CA",LOS ANGELES
"PAULSBORO, NJ",GLOUCESTER
"COLUMBUS, GA",MUSCOGEE
"GOOD STATION, TX",NA
"VEAL, TX",NUECES
"FOUNTAIN VALLEY, CA",ORANGE
"TARZAN, TX",MARTIN
"HESPERIA, CA",SAN BERNARDINO
"TACOMA, IL",LA SALLE
"CITRUS HEIGHTS, CA",SACRAMENTO
"Harlingen, TX",CAMERON
"MOON, PA",ALLEGHENY
"ATHENS, GA",CLARKE
"TACOMA, OR",NA
"DENVER CITY, TX",YOAKUM
"PARAMOUNT, CA",LOS ANGELES
"CAMERON PARK, CA",EL DORADO
"MONTCLAIR, CA",SAN BERNARDINO
"SIOUX CITY, IA",WOODBURY
"LAKEWOOD, CA",LOS ANGELES
"Montrose, CO",MONTROSE
"BRAY, OK",STEPHENS
"HARLINGEN, TX",CAMERON
"Brighton, CO",ADAMS
"MONROVIA, CA",LOS ANGELES
"HARRISTOWN, IL",MACON
"SAN MATEO, CO",NA
"HACKBERRY, LA",CAMERON
"WILBUR, WA",LINCOLN
"LAFITTE, LA",JEFFERSON
"COLLINS, MS",COVINGTON
"ARVADA, CO",JEFFERSON
"CORDOVA, IL",ROCK ISLAND
"STILLWATER, OK",PAYNE
"SANDS, MT",NA
"Fort Collins, CO",NA
"BURBANK, WA",WALLA WALLA
"CHARLOTTE, NC",MECKLENBURG
"KANSAS CITY, KS",WYANDOTTE
"DUBLIN, CA",ALAMEDA
"JOHNSON BAYOU, LA",BAY
"CENTERVILLE, TX",LEON
"SAUNDERS, NM",GUADALUPE
"UNKNOWN, ND",NA
"ANAHEIM, CA",ORANGE
"BIG SPRING, TX",HOWARD
"MOKENA, IL",WILL
"SAN PEDRO, CA",LOS ANGELES
"CAPROCK, TX",CROSBY
"WACO, TX",MCLENNAN
"WAKARUSA, KS",SHAWNEE
"STATEN ISLAND, NY",RICHMOND
"BRISBANE, TX",MCLENNAN
"DOSS, TX",GILLESPIE
"SIOUX FALLS, SD",MINNEHAHA
"CROCKETT, CA",CONTRA COSTA
"SHERIDAN, WY",SHERIDAN
"ARLINGTON, WA",SNOHOMISH
"GLENPOOL, OK",TULSA
"GUILFORD, NC",GUILFORD
"CARLSBAD, NM",EDDY
"LINDEN, NJ",UNION
"PLEASANTON, CA",ALAMEDA
"ST. CLAIR, MI",ST. CLAIR
"BURAS, LA",PLAQUEMINES
"WHITING, IN",LAKE
"ELMER, LA",LAFOURCHE
"HAHNVILLE, LA",ST. CHARLES
"SPRING VALLEY, VA",STAFFORD
"LEXINGTON, KY",FAYETTE
"CHALMETTE, LA",ST. BERNARD
"LOUISVILLE, KY",JEFFERSON
"KANKAKEE, IL",KANKAKEE
"NEWINGTON, VA",FAIRFAX CITY
"MANDAN, ND",MORTON
"ENGLEWOOD, CO",ARAPAHOE
"MIAMI, KS",RENO
"MILLBURY, OH",WOOD
"LAREDO, TX",WEBB
"RICHMOND, CA",CONTRA COSTA
"East Chicago, IN",LAKE
"BILLINGS, MT",YELLOWSTONE
"BOZEMAN, MT",GALLATIN
"TONKAWA, OK",KAY
"PLACENTIA, CA",NA
"Idaho Springs, CO",CLEAR CREEK
"OSHKOSH, WI",WINNEBAGO
"GLENDALE, CA",LOS ANGELES
"DUBUQUE, IA",DUBUQUE
"IOWA, LA",CALCASIEU
"SOUTH BURLINGTON, VT",CHITTENDEN
"FIFE, WA",PIERCE
"MENIFEE, CA",RIVERSIDE
"MORRIS, OK",OKMULGEE
"Salida, CO",CHAFFEE
"DOUGLAS, WY",CONVERSE
"TORRINGTON, WY",GOSHEN
"LOVINGTON, NM",LEA
"KEENESBURG, CO",WELD
"Sidney, NE",CHEYENNE
"BIG LAKE, TX",REAGAN
"LA JUNTA, CO",OTERO
"CLEVELAND, OH",CUYAHOGA
"JEFFERSONVILLE, IN",CLARK
"WICHITA FALLS, TX",WICHITA
"TIOGA, ND",WILLIAMS
"ROCKFORD, IL",WINNEBAGO
"DOVER, OK",KINGFISHER
"DALLAS, TX",DALLAS
"BOSSIER CITY, LA",BOSSIER
"HAWTHORNE, CA",LOS ANGELES
"EL CENTRO, CA",IMPERIAL
"Canon City, CO",FREMONT
"CORPUS CHRISTI, TX",NUECES
"CHANUTE, KS",NEOSHO
"WOODBURY, NJ",GLOUCESTER
"EDINBURG, ND",WALSH
"ERATH, LA",VERMILION
"POWAY, CA",SAN DIEGO
"Joplin, MO",JASPER
"SANTA ANA, WA",KLICKITAT
"WASHINGTON, TX",WASHINGTON
"Longmont, CO",BOULDER
"CHICAGO HEIGHTS, IL",COOK
"BEDFORD, MA",MIDDLESEX
"ALGONA, IA",KOSSUTH
"WHARTON, TX",WHARTON
"SIDNEY, MT",RICHLAND
"Katy, TX",HARRIS
"NEWCASTLE, WY",WESTON
"BLAINE, MN",ANOKA
"HAYDEN LAKE, ID",KOOTENAI
"LA PALMA, CA",ORANGE
"LOS ANGELES, CA",LOS ANGELES
"WILMINGTON, NC",NEW HANOVER
"DUPONT, CO",ADAMS
"NORCO, CA",RIVERSIDE
"HOUMA, LA",TERREBONNE
"ANCHORAGE, AK",MUNICIPALITY OF ANCHORAGE
"BRIDGEPORT, NJ",GLOUCESTER
"ELBERT, TX",THROCKMORTON
"PARKER, CO",DOUGLAS
"CHESTERFIELD, MO",ST. LOUIS
"ECTOR, TX",FANNIN
"GARYVILLE, LA",ST. JOHN THE BAPTIST
"JAL, NM",LEA
"BRUNSWICK, GA",GLYNN
"PIERRE, SD",HUGHES
"ROCK SPRINGS, WY",SWEETWATER
"NEW TOWN, ND",MOUNTRAIL
"CAPE CANAVERAL, FL",BREVARD
"LOVING, TX",YOUNG
"Ponca City, OK",KAY
"AKRON, CO",WASHINGTON
"INWOOD, NY",NASSAU
"TAMPA, FL",HILLSBOROUGH
"RILEY, TX",HASKELL
"BARTLESVILLE, OK",WASHINGTON
"PUYALLUP, WA",PIERCE
"INDIANAPOLIS, IN",MARION
"CRANE STATION, TX",NA
"MILFORD, IA",DICKINSON
"ALISO VIEJO, CA",ORANGE
"CASPER, WY",NATRONA
"PORT SULPHUR, LA",PLAQUEMINES
"DURANGO, CO",LA PLATA
"COLUMBUS, NE",PLATTE
"PRATT, KS",PRATT
"BUTLER, KS",BUTLER
"WINFIELD, KS",COWLEY
"BOARDMAN, OR",MORROW
"CUERO, TX",DEWITT
"RICHLAND, WA",BENTON
"HOUSTON, TX",HARRIS
"MEDFORD, OK",GRANT
"Borger, TX",HUTCHINSON
"EAST CHICAGO, IN",LAKE
"BORGER, NM",NA
"BOTHELL, WA",KING
"MUKILTEO, WA",SNOHOMISH
"AUBURN, WA",KING
"SAN MARCOS, CA",SAN DIEGO
"SAINT PAUL, MN",ST. LOUIS
"HUTCHINSON, KS",RENO
"SUPERIOR, CO",BOULDER
"ROCHESTER, NY",MONROE
"WEST PADUCAH, KY",MCCRACKEN
"FOUNTAIN, CO",EL PASO
"ALBANY, NY",ALBANY
"GRANGER, IN",ST. JOSEPH
"RIALTO, CA",SAN BERNARDINO
"CASHION, OK",KINGFISHER
"Great Falls, MT",CASCADE
"ROCA, NE",LANCASTER
"BURBANK, IL",COOK
"SANFORD, NC",LEE
"PLAINS, TX",YOAKUM
"JOHNSONS CORNER, ND",MCKENZIE
"HOBBS, NM",LEA
"SOUTH GATE, UT",WEBER
"AMES, IA",STORY
"VALDOSTA, GA",LOWNDES
"REDONDO BEACH, CA",LOS ANGELES
"COMMERCE CITY, CO",ADAMS
"Pueblo, CO",PUEBLO
"FERNDALE, WA",WHATCOM
"EAST SAINT LOUIS, IL",NA
"NORTHGLENN, CO",BROOMFIELD
"SAINT LOUIS, MO",PHELPS
"HILLSBORO, OR",WASHINGTON
"OZONA, TX",CROCKETT
"Lakewood, CO",JEFFERSON
"PALMYRA, MO",MARION
"BELLE ROSE, LA",ASSUMPTION
"DENVER, CO",DENVER
"LA MIRADA, CA",LOS ANGELES
"DAVENPORT, IA",SCOTT
"FARMINGTON, NM",SAN JUAN
"BUFFALO, MT",FERGUS
"KIRKSVILLE, MO",ADAIR
"BRAHANEY, TX",BRAZOS
"Humble, TX",HARRIS
"BRIGGSDALE, CO",WELD
"MEQUON, WI",OZAUKEE
"OLNEY, TX",YOUNG
"THOMPSON FALLS, MT",SANDERS
"MENTONE, CA",SAN BERNARDINO
"BUCKEYE, NM",LEA
"CADDO MILLS, TX",HUNT
"SCOTTSDALE, AZ",MARICOPA
"COLORADO SPRINGS, CO",EL PASO
"BLACKWATCH, TX",NEWTON
"EDEN PRAIRIE, MN",HENNEPIN
"BELLFLOWER, CA",LOS ANGELES
"BEDFORD PARK, IL",COOK
"NEW ORLEANS, LA",ORLEANS
"SAINT JAMES, LA",GREENWOOD
"SILVER BOW, MT",SILVER BOW
"GRETNA, LA",JEFFERSON
"PASCAGOULA, MS",JACKSON
"HOLLAND, MI",OTTAWA
"SAN ANGELO, TX",TOM GREEN
"CARPINTERIA, TX",EASTLAND
"FOREST VIEW, IL",COOK
"MCCARREN, NV",WASHOE
"COVINGTON, WA",KING
"MIRA LOMA, CA",RIVERSIDE
"BOISE, ID",ADA
"NEW HAVEN, CT",NEW HAVEN
"MANKATO, MN",BLUE EARTH
"DALLAS, GA",PAULDING
"CLEMENS, TX",COLEMAN
"OUACHITA, LA",UNION
"PATOKA, TX",COTTLE
"CONVENT, LA",ST. JAMES
"PEP, TX",ANGELINA
"SAN RAFAEL, CA",MARIN
"EAST SETAUKET, NY",SUFFOLK
"ROGERS, AR",BENTON
"HELENA, TX",KARNES
"GEISMAR, LA",ASCENSION
"EVANSVILLE, WY",NATRONA
"houston, TX",HARRIS
"ONTARIO, CA",NA
"Little Rock, AR",PULASKI
"CARROLLTON, GA",CARROLL
"SUN VALLEY, CA",LOS ANGELES
"CHERRYVALE, KS",MONTGOMERY
"NORTH PLATTE, NE",LINCOLN
"PALM BEACH, FL",PALM BEACH
"OKLAHOMA, OK",OKLAHOMA
"League City, TX",GALVESTON
"SHREVEPORT, LA",CADDO
"WINKLER, TX",WINKLER
"ARDMORE, OK",CARTER
"BENTONVILLE, AR",BENTON
"LAWTON, OK",COMANCHE
"ANNISTON, AL",CALHOUN
"Grand Island, NE",HALL
"WORCESTER, MA",WORCESTER
"MASCOUTAH, IL",ST. CLAIR
"BEAUFORT, SC",BEAUFORT
"MARSHALL, MN",LYON
"OMAHA, NE",DOUGLAS
"EL CAJON, CA",SAN DIEGO
"Davisville, RI",WASHINGTON
"SCOTT CITY, KS",SCOTT
"BAINBRIDGE, GA",DECATUR
"INGLEWOOD, CA",LOS ANGELES
"CAMARILLO, CA",VENTURA
"MEMPHIS, TN",SHELBY
"SILER CITY, NC",RANDOLPH
"WOOD RIVER, TX",PARKER
"CHICO, TX",WISE
"OSCODA, MI",IOSCO
"Loveland, CO",LARIMER
"NORMAN, OK",OKLAHOMA
"MASON CITY, IA",CERRO GORDO
"CONIFER, CO",JEFFERSON
"BREA, CA",ORANGE
"EAST PROVIDENCE, RI",PROVIDENCE
"SNOHOMISH, WA",SNOHOMISH
"EMPORIA, KS",LYON
"INDIO, CA",RIVERSIDE
"INOLA, OK",ROGERS
"CUSHING, OK",PAYNE
"HUNTSVILLE, AL",MADISON
"MCPHERSON, KS",MCPHERSON
"FAIRFAX, VA",FAIRFAX CITY
"FORT LEONARD WOOD, MO",FRANKLIN
"PORTLAND, ME",CUMBERLAND
"MARRERO, LA",JEFFERSON
"PASADENA, CA",LOS ANGELES
"WHEAT RIDGE, CO",JEFFERSON
"SAN GABRIEL, CA",LOS ANGELES
"ROANOKE, VA",ROANOKE CITY
"TAYLOR, MI",WAYNE
"MACON, GA",BIBB
"SAINT PAUL PARK, MN",NA
"PRESCOTT, AZ",YAVAPAI
"ROSEVILLE, MN",RAMSEY
"SYRACUSE, NY",ONONDAGA
"Woodland Park, CO",TELLER
"SANTA CLARITA, CA",LOS ANGELES
"ERWIN, NC",HARNETT
"EUNICE, NM",LEA
"ORLANDO, FL",ORANGE
"COFFEYVILLE, KS",MONTGOMERY
"COUNTRY CLUB HILLS, IL",COOK
"SELMA, AL",DALLAS
"CAMERON, LA",CAMERON
"LA CRUCES, NM",SAN BERNARDINO
"WEST FARGO, ND",CASS
"MERAUX, LA",ST. BERNARD
"NEVILLE ISLAND, PA",ALLEGHENY
"GREAT FALLS, MT",CASCADE
"PONCA CITY, OK",KAY
"THORNTON, CO",ADAMS
"NASHVILLE, TN",DAVIDSON
"GREEN BAY, WI",BROWN
"LA VERNE, CA",LOS ANGELES
"SALINA, KS",SALINE
"FRUITA, CO",MESA
"JONESVILLE, LA",CATAHOULA
"HAYDEN, CO",ROUTT
"DOWNEY, CA",LOS ANGELES
"AURORA, MT",NA
"CARMI, IL",WHITE
"EASTMAN, GA",DODGE
"MURRIETA, CA",RIVERSIDE
"MORIARTY, NM",TORRANCE
"SANTEE, OR",CLACKAMAS
"SAINT JOSEPH, MO",MONITEAU
"TYE, TX",TAYLOR
"ROCKVILLE, MD",MONTGOMERY
"TALLULAH, LA",MADISON
"COLUMBIA FALLS, MT",FLATHEAD
"EDINBURG, TX",HIDALGO
"TEHAMA, CA",TEHAMA
"WILMINGTON, CA",LOS ANGELES
"LITTLETON, CO",ARAPAHOE
"MARTINSBURG, WV",BERKELEY
"CAYOTE, TX",BOSQUE
"AZUSA, CA",LOS ANGELES
"CHINO, CA",SAN BERNARDINO
"BIRMINGHAM, AL",JEFFERSON
"CLAREMONT, CA",LOS ANGELES
"GOLDEN MEADOW, LA",LAFOURCHE
"GRANITE CITY, IL",MADISON
"CHEROKEE, OK",ALFALFA
"WATERFORD, MI",OAKLAND
"KEENE, ND",MCKENZIE
"PROVIDENCE, RI",PROVIDENCE
"BALDWIN PARK, CA",LOS ANGELES
"ANACORTES, WA",SKAGIT
"TRENTON, NJ",MERCER
"Port Arthur, TX",JEFFERSON
"OLATHE, KS",JOHNSON
"WEST BURLINGTON, IA",DES MOINES
"PICO RIVERA, CA",LOS ANGELES
"HARPER, OK",HARPER
"MILWAUKEE, WI",MILWAUKEE
"FRYBURG, ND",BILLINGS
"WEST BAY, LA",LE SUEUR
"WHITSETT, TX",LIVE OAK
"WAMSUTTER, WY",SWEETWATER
"FAYETTEVILLE, NC",CUMBERLAND
"Broomfield, CO",BROOMFIELD
"TINKER AIR FORCE BASE, OK",NA
"ARLETA, CA",LOS ANGELES
"ROMULUS, MI",WAYNE
"VALLEY CENTER, KS",SEDGWICK
"WEST DEPTFORD, NJ",GLOUCESTER
"TEXON, TX",REAGAN
"OYSTER BAY, NY",NASSAU
"AURORA, CO",ARAPAHOE
"SALEM, OR",MARION
"RODEO, CA",CONTRA COSTA
"DELPHOS, KS",OTTAWA
"FALLBROOK, CA",SAN DIEGO
"KANSAS CITY, MO",JACKSON
"TORRANCE, CA",LOS ANGELES
"LAWNDALE, CA",LOS ANGELES
"CORALVILLE, IA",JOHNSON
"GREENVILLE, MS",WASHINGTON
"BROOKLINE STATION, MO",NA
"EL DORADO, AR",UNION
"EVANSVILLE, IN",VANDERBURGH
"RANCHO CORDOVA, CA",SACRAMENTO
"SAN RAFAEL, TX",JASPER
"WASHINGTON, OK",OKLAHOMA
"GAINESVILLE, TX",COOKE
"TIBURON, CA",MARIN
"SAN RAMON, TX",CASS
"WINK, TX",WINKLER
"STRATFORD, CT",FAIRFIELD
"OXFORD, AL",CALHOUN
"JUNCTION CITY, WI",PORTAGE
"SEMINOLE, TX",GAINES
"LONE TREE, CO",DOUGLAS
"MIDLAND, TX",MIDLAND
"SOUTH BEND, TX",YOUNG
"VACAVILLE, CA",SOLANO
"LAGUNA HILLS, CA",ORANGE
"APEX, NC",WAKE
"WESTVILLE, NJ",GLOUCESTER
"CARPINTERIA, CA",SANTA BARBARA
"FORT SMITH, AR",DALLAS
"TRENTON, ND",WILLIAMS
"HARRIS, TX",HARRIS
"HAPPY VALLEY, OR",CLACKAMAS
"Terre Haute, IN",VIGO
"RIVERSIDE, MO",PLATTE
"PLAQUEMINE, LA",IBERVILLE
"BAKER, MT",FALLON
"TIGARD, OR",WASHINGTON
"EVERETT, WA",SNOHOMISH
"SPRING VALLEY, CA",EL DORADO
"Gig Harbor, WA",PIERCE
"SALISBURY, MO",CHARITON
"SAINT ELMO, IL",NA
"BARKER, TX",HARRIS
"PORT HADLOCK, WA",JEFFERSON
"LAWRENCE, NY",NASSAU
"SWINNEY, TX",BRAZORIA
"Divide, CO",TELLER
"BREWERTON, NY",ONONDAGA
"DULLES, VA",LOUDOUN
"PALM SPRINGS, CA",RIVERSIDE
"BELLEVUE, WA",KING
"GARDEN GROVE, CA",ORANGE
"ATLANTA, GA",FULTON
"TONAWANDA, NY",ERIE
"CENTENNIAL, CO",ARAPAHOE
"Belgrade, MT",GALLATIN
"DEMING, NM",LUNA
"INGLESIDE, TX",SAN PATRICIO
"ALPINE, CA",SAN DIEGO
"POMONA, CA",LOS ANGELES
"Gallup, NM",MCKINLEY
"PLEASANT HILL, IA",POLK
"ALCOA, TN",BLOUNT
"Provo, UT",UTAH
"PARADIS, LA",ST. CHARLES
"ORLA, TX",REEVES
"ROME, GA",FLOYD
"SANTEE, CA",SAN DIEGO
"SPANAWAY, CO",NA
"CLIFTON RIDGE, LA",MORGAN
"TILDEN, TX",MCMULLEN
"MONTVALE, VA",BEDFORD
"CHESAPEAKE, VA",CHESAPEAKE CITY
"CARSON CITY, NV",CONSOLIDATED MUNICIPALITY OF CARSON CITY
"DIAMOND BAR, CA",LOS ANGELES
"LONGVIEW, WA",COWLITZ
"LOST HILLS, CA",KERN
"NORTH AUGUSTA, SC",AIKEN
"COVINA, CA",LOS ANGELES
"SELMA, NC",JOHNSTON
"BUENA PARK, CA",ORANGE
"BEAVERTON, OR",WASHINGTON
"ESCONDIDO, CA",SAN DIEGO
"WEST COVINA, CA",LOS ANGELES
"SHOW LOW, AZ",NAVAJO
"GLENDIVE, MT",DAWSON
"GRASS VALLEY, CA",NEVADA
"IRAAN, TX",PECOS
"LA CANADA, CA",LOS ANGELES
"WALDORF, MD",CHARLES
"DICKINSON, ND",STARK
"TRENTON, ME",HANCOCK
"SHERIDAN, CO",ARAPAHOE
"CARROLLTON, MO",CARROLL
"MARYSVILLE, CA",YUBA
"SAN BERNARDINO, FL",SEMINOLE
"GRANGER, WY",SWEETWATER
"LATROBE, PA",WESTMORELAND
"LEADVILLE, CO",LAKE
"WORLAND, WY",WASHAKIE
"MOUNT VERNON, WA",NA
"SAN LEANDRO, CO",NA
"MONTGOMERY, AL",MONTGOMERY
"MONT BELVIEU, TX",CHAMBERS
"MUSKEGON, MI",MUSKEGON
"SKELLYTOWN, TX",CARSON
"WEST LAFAYETTE, IN",TIPPECANOE
"GOLDSBY, OK",MCCLAIN
"DONIPHAN, NE",HALL
"SOUTH CURTIS,  ",NA
"HOLTSVILLE, NY",SUFFOLK
"MERIDIANVILLE, AL",MADISON
"HAWTHORNE, NV",MINERAL
"EDGEWOOD, IL",EFFINGHAM
"SPRINGFIELD, MO",GREENE
"SAN LORENZO, CA",ALAMEDA
"NORTH HILLS, CA",LOS ANGELES
"HERCULES, CA",CONTRA COSTA
"CONROE, TX",MONTGOMERY
"TUCSON, AZ",PIMA
"Grand Forks, ND",GRAND FORKS
"SOUTHLAKE, TX",TARRANT
"THREE RIVERS, TX",LIVE OAK
"SANTA BARBARA, NJ",MONMOUTH
"STOCKTON, CA",SAN JOAQUIN
"CARSON, CA",LOS ANGELES
"MOORHEAD, MN",CLAY
"GARDENA, CA",LOS ANGELES
"WHITTIER, CA",LOS ANGELES
"SAINT ROSE, LA",SAINT CLAIR
"DAVANT, LA",PLAQUEMINES
"SAVANNAH, GA",CHATHAM
"CLERMONT, IN",MARION
"ARKANSAS CITY, KS",COWLEY
"REEVES, TX",REEVES
"MISSOULA, MT",MISSOULA
"EFFINGHAM, IL",EFFINGHAM
"LA PUENTE, CA",LOS ANGELES
"GALENA PARK, TX",HARRIS
"Parker, CO",DOUGLAS
"MOUNTRAIL, ND",MOUNTRAIL
"CARTERSVILLE, GA",BARTOW
"ALEDO, TX",PARKER
"TEXARKANA, AR",MILLER
"NORTH ANDOVER, MA",ESSEX
"OGDEN, UT",WEBER
"BETTENDORF, IA",SCOTT
"NORTH HOLLYWOOD, CA",LOS ANGELES
"Conifer, CO",JEFFERSON
"SHINGLE SPRINGS, CA",EL DORADO
"VICTORIA, TX",VICTORIA
"CURTIS BAY, MD",BALTIMORE CITY
"CRYSTAL, MN",HENNEPIN
"STUTTGART, AR",ARKANSAS
"ROBERT LEE, TX",COKE
"MOUNT VERNON, IL",HANCOCK
"AMARILLO, TX",POTTER
"Colorado Springs, CO",EL PASO
"TEXAS CITY, TX",GALVESTON
"STERLING CITY, TX",STERLING
"Castle Rock, CO",DOUGLAS
"GLENWOOD, IA",MILLS
"LAKE CHARLES, LA",CALCASIEU
"EUGENE, OR",LANE
"GIG HARBOR, WA",PIERCE
"CLACKAMAS, OR",CLACKAMAS
"CORAOPOLIS, PA",ALLEGHENY
"Steamboat Springs, CO",ROUTT
"PITTSBURGH, PA",ALLEGHENY
"BLOOMFIELD, NM",NA
"ASHEBORO, NC",RANDOLPH
"SHERMAN OAKS, CA",LOS ANGELES
"CHANNELVIEW, TX",HARRIS
"GREENSBORO, GA",GREENE
"PLATTEVILLE, CO",WELD
"TEXICO, NM",CURRY
"SEATTLE, WA",KING
"RESEDA, CA",LOS ANGELES
"NORFOLK, NE",MADISON
"PORT ALLEN, LA",WEST BATON ROUGE
"COUNCIL BLUFFS, IA",POTTAWATTAMIE
"ARGO FAY, IL",CARROLL
"Fowler, CO",OTERO
"PAW CREEK, NC",MECKLENBURG
"Poncha Springs, CO",CHAFFEE
"EULESS, TX",TARRANT
"RIVERTON, WY",FREMONT
"JACKSON, MS",HINDS
"GRANDVIEW, WA",YAKIMA
"DAYTONA BEACH, FL",VOLUSIA
"FOLSOM, CA",SACRAMENTO
"LONGMONT, NE",NA
"LYNNWOOD, WA",SNOHOMISH
"Independence, KS",MONTGOMERY
"CYNTHIANA, KY",HARRISON
"EMPIRE, LA",PLAQUEMINES
"CHAMPAIGN, IL",CHAMPAIGN
"SANDS, TX",DUVAL
"SAN LEANDRO, CA",ALAMEDA
"Sinclair, WY",CARBON
"CORONA DEL MAR, CA",NA
"SANTA ANA, NJ",BURLINGTON
"AYER, MA",MIDDLESEX
"CONCORD, CA",CONTRA COSTA
"MCCOMB, MS",PIKE
"GILFORD, NH",BELKNAP
"HARTFORD, IL",MADISON
"EDMONDS, WA",SNOHOMISH
"BELLE CHASSE, LA",PLAQUEMINES
"BLOOMINGTON, CA",SAN BERNARDINO
"BALTIMORE, MD",BALTIMORE CITY
"WHITEFACE, TX",COCHRAN
"CAHOKIA, IL",ST. CLAIR
"WOODINVILLE, WA",KING
"WESTMINSTER, CA",ORANGE
"RENSSELAER, NY",RENSSELAER
"Mont Belvieu, TX",CHAMBERS
"TULSA, OK",TULSA
"RANCHO CUCAMONGA, CA",SAN BERNARDINO
"BELLE ROSE, CA",PLUMAS
"HAMMOND, IN",LAKE
"VISALIA, CA",TULARE
"PENDLETON, OR",UMATILLA
"ARTESIA, NM",EDDY
"ANTON, TX",HOCKLEY
"SPARKS, NV",WASHOE
"GREENEVILLE, TN",GREENE
"CANADIAN, OK",PITTSBURG
"RAMBERG, ND",NA
"MOUNT PROSPECT, IL",HANCOCK
"NEW BEDFORD, MA",BRISTOL
"HAWLEY, TX",JONES
"KENMORE, WA",KING
"DEL RIO, TX",VAL VERDE
"FALLS CITY, TX",KARNES
"JENNINGS, LA",JEFFERSON DAVIS
"NORTH CANTON, OH",STARK
"MCCAMEY, TX",UPTON
"BUSHTON, KS",RICE
"CHATTANOOGA, TN",HAMILTON
"SWEENY, TX",BRAZORIA
"GRAFORD, TX",PALO PINTO
"COTATI, CA",SONOMA
"KROTZ SPRINGS, LA",ST. LANDRY
"DELAWARE CITY, DE",NEW CASTLE
"NEDERLAND, TX",JEFFERSON
"RICHMOND, VA",RICHMOND CITY
"VENICE, LA",PLAQUEMINES
"DANA POINT, CA",ORANGE
"WASSON, TX",HALE
"EDISON, NJ",MIDDLESEX
"STOCKTON, IL",JO DAVIESS
"PANAMA CITY, FL",BAY
"CARTERET, NJ",MIDDLESEX
"BROOKLINE, MO",GREENE
"OMAK, WA",OKANOGAN
"MOGADORE, OH",SUMMIT
"SOUTH BEND, WA",PACIFIC
"rodeo, CA",CONTRA COSTA
"MENA, AR",POLK
"DAGGETT, CA",SAN BERNARDINO
"MINOT, ND",WARD
"ALAMOSA, CO",ALAMOSA
"UTICA, NY",ONEIDA
"HIGHLANDS RANCH, CO",DOUGLAS
"SALEM, IL",MARION
"Grand Junction, CO",MESA
"BARNSDALL, OK",OSAGE
"ENID, OK",OKLAHOMA
"ALTA LOMA, CA",SAN BERNARDINO
"ARROYO GRANDE, CA",SAN LUIS OBISPO
"HOLBROOK, AZ",NAVAJO
"GREENVILLE, IL",BOND
"LUBBOCK, TX",LUBBOCK
"CARTER LAKE, IA",POTTAWATTAMIE
"FLANAGAN, TX",NA
"CARLYLE, IL",CLINTON
"CARSON, TX",FANNIN
"HELENA STATION, TX",NA
"ALHAMBRA, CA",LOS ANGELES
"Englewood, CO",ARAPAHOE
"RONKONKOMA, NY",SUFFOLK
"SAN MARCOS, CO",GUNNISON
"GRESHAM, OR",MULTNOMAH
"LOCO HILLS, NM",EDDY
"EUNICE, LA",ST. LANDRY
"BEAUMONT, TX",JEFFERSON
"FEDERAL WAY, WA",KING
"ALBANY, GA",DOUGHERTY
"LAUREL, MT",YELLOWSTONE
"LA PORTE, TX",HARRIS
"MONUMENT, CO",EL PASO
"HOUSTON,  ",HARRIS
"DELTA, UT",MILLARD
"EL DORADO, KS",BUTLER
"EPPING, ND",WILLIAMS
"HELENA, MT",LEWIS AND CLARK
"IMPERIAL, CA",IMPERIAL
"WILDOMAR, CA",RIVERSIDE
"GOLDEN, CO",JEFFERSON
"WILLISTON, ND",WILLIAMS
"ORLANDO, OK",LOGAN
"COVINGTON, KY",KENTON
"BELLAIRE, TX",HARRIS
"ZIONSVILLE, IN",BOONE
"Aberdeen, SD",BROWN
"PIERRE PART, LA",ASSUMPTION
"VENICE, IL",MADISON
"NORTH LITTLE ROCK, AR",PULASKI
"BURBANK, CA",LOS ANGELES
"WEST SPRINGFIELD, MA",HAMPDEN
"SANTA ANA, CA",ORANGE
"LOGAN, UT",CACHE
"SPOKANE, WA",SPOKANE
"MARYSVILLE, WA",SNOHOMISH
"PORT ORCHARD, WA",KITSAP
"PHELAN, CA",SAN BERNARDINO
"SORRENTO, LA",ASCENSION
"PAOLA, KS",MIAMI
"NORWALK, CA",LOS ANGELES
"SIDNEY, NE",CHEYENNE
"NORTHRIDGE, CA",LOS ANGELES
"GRAPEVINE, TX",TARRANT
"SUNSHINE, LA",NA
"KAMAY, TX",WICHITA
"TUMWATER, WA",THURSTON
"SANFORD, FL",SEMINOLE
"HAYS, KS",ELLIS
"ANDALUSIA, AL",COVINGTON
"JANESVILLE, WI",ROCK
"UNION, NJ",UNION
"ABERNATHY, TX",HALE
"MUNCIE, IN",DELAWARE
"LONGMONT, CO",BOULDER
"WADDELL, TX",GRIMES
"PATOKA, IL",MARION
"LONG BEACH, CA",LOS ANGELES
"ALEXANDRIA, LA",RAPIDES
"KING, WA",KING
"ARLINGTON HEIGHTS, IL",COOK
"SANTA MARIA, CA",SANTA BARBARA
"OWENSBORO, KY",DAVIESS
"NORRIS CITY, IL",WHITE
"WEEMS, TX",WINKLER
"BEST, TX",REAGAN
"PHILLIPSBURG, KS",PHILLIPS
"UPTON, TX",BASTROP
"MILLINGTON, TN",SHELBY
"THIBODAUX, LA",LAFOURCHE
"DEARBORN, MI",WAYNE
"WEST COLUMBIA, SC",LEXINGTON
"SIMI VALLEY, CA",VENTURA
"UMATILLA, OR",UMATILLA
"FORT MYERS, FL",MIAMI-DADE
"DYERSVILLE, IA",DUBUQUE
"PORT LAVACA, TX",CALHOUN
"GILLESPIE, IL",MACOUPIN
"WEST LEBANON, NH",GRAFTON
"BORGER, TX",HUTCHINSON
"Bartlesville, OK",WASHINGTON
"north salt lake, UT",DAVIS
"BURLINGTON, VT",CHITTENDEN
"CONWAY, KS",MCPHERSON
"MERIDIAN, MS",LAUDERDALE
"SALT LAKE CITY, UT",SALT LAKE
"ALEXANDRIA, MN",DOUGLAS
"STAPLETON, NY",RICHMOND
"Crockett, CA",CONTRA COSTA
"MCKITTRICK, CA",KERN
"OSTRICA, LA",NA
"KENT, WA",KING
"REDMOND, OR",DESCHUTES
"GRAND RAPIDS, MI",KENT
"STAMPEDE, ND",BURKE
"STATESBORO, GA",BULLOCH
"TENINO, TX",MONTGOMERY
"SAN JOSE, CA",SANTA CLARA
"GLENDORA, CA",LOS ANGELES
"BANKS, OR",WASHINGTON
"SANDY, TX",BLANCO
"WINDSOR, CO",WELD
"MOUNT PLEASANT, TX",CHAMBERS
"SILVERDALE, ME",PENOBSCOT
"SAN MATEO, CA",SAN MATEO
"MONTROSE, CO",MONTROSE
"TOLEDO, OR",LINCOLN
"MARTINEZ, CA",CONTRA COSTA
"LAKE ELSINORE, CA",RIVERSIDE
"CENTER, TX",SHELBY
"DEER PARK, TX",HARRIS
"BRISBANE, CA",SAN MATEO
"GALVESTON, TX",GALVESTON
"SARASOTA, FL",SARASOTA
"WASKOM, TX",HARRISON
"HOMESTEAD, FL",MIAMI-DADE
"VENTURA, CA",VENTURA
"ST JAMES, LA",NA
"PERTH AMBOY, NJ",MIDDLESEX
"NEWBERG, OR",YAMHILL
"BELL, CA",LOS ANGELES
"TYLER, TX",SMITH
"SATICOY, CA",VENTURA
"HOLDREGE, NE",PHELPS
"SALT CREEK, TX",MCCULLOCH
"Raton, NM",COLFAX
"SANFORD, ME",YORK
"RINGWOOD, OK",MAJOR
"LEA COUNTY, NM",SOCORRO
"BRETON, LA",ASCENSION
"Roxana, IL",MADISON
"BROWNSVILLE, TX",CAMERON
"GOODLAND, KS",SHERMAN
"NORTH CLARENDON, VT",RUTLAND
"CHAMBERS, TX",CHAMBERS
"FORT MADISON, IA",LOUISA
"WICHITA, KS",SEDGWICK
"FLANAGAN, IL",LIVINGSTON
"JONES CREEK, TX",BRAZORIA
"PORTALES, NM",ROOSEVELT
"GRAND JUNCTION, CO",MESA
"Americus, GA",SUMTER
"BATTLE MOUNTAIN, NV",LANDER
"CEDAR CREEK, TX",BASTROP
"BENTON, IL",FRANKLIN
"BERTHOLD, ND",WARD
"STANTON, CA",ORANGE
"LITTLE ROCK, AR",PULASKI
"VICKSBURG, MS",WARREN
"ROCKLIN, CA",PLACER
"HENDERSON, KY",HENDERSON
"BLOUNTVILLE, TN",SULLIVAN
"LA HABRA, CA",ORANGE
"SPARTANBURG, SC",SPARTANBURG
"Delta, CO",DELTA
"KNOXVILLE, TN",KNOX
"ANDREWS, TX",ANDREWS
"WESTMINSTER, CO",BROOMFIELD
"FORSYTH, IL",MACON
"BROOKLYN, NY",KINGS
"ROXANA, IL",MADISON
"ARCHER CITY, TX",ARCHER
"HARVEY, LA",JEFFERSON
"REDMOND, WA",KING
"GREENWOOD VILLAGE, CO",ARAPAHOE
"SCOTT CITY, MO",SCOTT
"OAKVILLE, TX",LIVE OAK
"BAYTOWN, TX",HARRIS
"DINERO, TX",LIVE OAK
"EL MONTE, CA",LOS ANGELES
"Moultrie, GA",COLQUITT
"TERREBONNE, LA",TERREBONNE
"WEATHERFORD, TX",PARKER
"BRECKENRIDGE, TX",STEPHENS
"GALLUP, NM",MCKINLEY
"THOMSON, GA",MCDUFFIE
"SOUTH GATE, CA",LOS ANGELES
"MALVERN, PA",CHESTER
"HOUSTON, CA",CONTRA COSTA
"BARTLESVILE, OK",WASHINGTON
"THOROFARE, NJ",GLOUCESTER
"SAN LORENZO, CO",NA
"HONOLULU, HI",HONOLULU
"RENTON, WA",KING
"Burlington, CO",KIT CARSON
"CRANE, TX",CRANE
"EMMAUS, PA",LEHIGH
"ANTELOPE, CA",NA
"sweeny, TX",BRAZORIA
"FONTANA, CA",SAN BERNARDINO
"Bethlehem, PA",NORTHAMPTON
"OPA LOCKA, FL",MIAMI-DADE
"RIVERSIDE, CA",RIVERSIDE
"CHICAGO, IL",COOK
"HOCKLEY, TX",HARRIS
"BLAIR, NE",WASHINGTON
"HENDERSON, CO",ADAMS
"IDAHO SPRINGS, CO",CLEAR CREEK
"ALEXANDER, ND",MCKENZIE
"HARDIN, MT",BIG HORN
"WEST MEMPHIS, AR",CRITTENDEN
"PORTAGE, MI",KALAMAZOO
"CASTLE ROCK, CO",DOUGLAS
"SARALAND, AL",MOBILE
"STANLEY, ND",MOUNTRAIL
"SCOTTSBLUFF, NE",SCOTTS BLUFF
"PERRIS, CA",RIVERSIDE
"ROSEMOUNT, MN",DAKOTA
"LA CANADA FLINTRIDGE, CA",LOS ANGELES
"DAYTON, OH",MONTGOMERY
"PEARLAND, TX",BRAZORIA
"MORENO VALLEY, CA",RIVERSIDE
"EAST ST LOUIS, IL",ST. CLAIR
"EYOTA, MN",OLMSTED
"NORTH CHARLESTON, SC",DORCHESTER
"PASADENA, TX",HARRIS
"NEW WINDSOR, NY",ORANGE
"SAN DIEGO, CA",SAN DIEGO
"VICTORVILLE, CA",SAN BERNARDINO
"OLD OCEAN, TX",BRAZORIA
"NATCHEZ, MS",ADAMS
"LAFAYETTE, CO",BOULDER
"DEL CITY, OK",OKLAHOMA
"GUNS UP, TX",COOKE
"CITY OF INDUSTRY, CA",NA
"BUDA, TX",HAYS
"BURLEY, ID",CASSIA
"PENSACOLA, FL",ESCAMBIA
"LAKEWOOD, CO",JEFFERSON
"SEABROOK, TX",HARRIS
"BURBANK, OK",OSAGE
"BRYANT, AR",SALINE
"MESA, AZ",MARICOPA
"Charlotte, NC",MECKLENBURG
"SANDHILLS FIELD, TX",MARION
"DICKINSON, TX",GALVESTON
"SWANTON, OH",FULTON
"Cleveland, OH",CUYAHOGA
"NASHVILLE, AR",HOWARD
"HARTSDALE, IN",LAKE
"LYNCHBURG, VA",LYNCHBURG CITY
"OCEANSIDE, CA",SAN DIEGO
"BATON ROUGE, LA",EAST BATON ROUGE
"Morrow, GA",CLAYTON
"MANISTEE, MI",MANISTEE
"CROSSROAD, NM",MCKINLEY
"SACRAMENTO, CA",SACRAMENTO
"SULPHUR, LA",CALCASIEU
"GUYMON, OK",TEXAS
"CHATSWORTH, CA",NA
"PUEBLO, CO",PUEBLO
"FREMONT, CA",ALAMEDA
"COLUMBIA, MO",BOONE
"BRAZORIA, TX",BRAZORIA
"LYNWOOD, CA",LOS ANGELES
"SAN BERNARDINO, CA",SAN BERNARDINO
"Old Ocean, TX",BRAZORIA
"LONGVIEW, TX",GREGG
"MONROE, WA",SNOHOMISH
"SOUTH TEXAS, TX",MONTGOMERY
"LONGMONT, NC",ASHE
"OKLAHOMA CITY, OK",OKLAHOMA
"CATHEDRAL CITY, CA",RIVERSIDE
"OXNARD, CA",VENTURA
"NEWINGTON, NH",ROCKINGHAM
"SILVERDALE, WA",KITSAP
"Las Animas, CO",BENT
"PENNSAUKEN, NJ",CAMDEN
"GRAHAM, TX",YOUNG
"ORANGE, CA",ORANGE
"SAN RAMON, CA",CONTRA COSTA
"SOUTH PORTLAND, ME",YORK
"SAN ANTONIO, TX",BEXAR
"TAFT, CA",KERN
"PENWELL, TX",ECTOR
"LIBERAL, KS",SEWARD
"NEWBURY PARK, CA",VENTURA
"SMYER, TX",HOCKLEY
"Houston, TX",HARRIS
"GROTON, CT",NEW LONDON
"OAKLAND CITY, IN",GIBSON
"HUNTINGTON BEACH, CA",ORANGE
"CHEHALIS, WA",LEWIS
"CLEARBROOK, MN",CLEARWATER
"MOBILE, AL",MOBILE
"CLEAR LAKE, IA",CERRO GORDO
"GOLETA, CA",SANTA BARBARA
"PRENTICE, TX",LIVE OAK
"GRAND FORKS, ND",GRAND FORKS
"Walsenburg, CO",HUERFANO
"LA MESA, CA",SAN DIEGO
"ESTACADA, OR",CLACKAMAS
"BUCKSPORT, ME",HANCOCK
"SANTA MONICA, CA",LOS ANGELES
"GARDENDALE, TX",LA SALLE
"GLEN AVON, CA",RIVERSIDE
"Rogers, AR",BENTON
"IRVINE, CA",ORANGE
"ADDISON, IL",DUPAGE
"JACKSONVILLE, FL",DUVAL
"CHARLESTON, WV",KANAWHA
"ALBUQUERQUE, NM",BERNALILLO
"CHICOPEE, MA",HAMPDEN
"BELLINGHAM, WA",WHATCOM
"GREAT BEND, KS",BARTON
"VAN NUYS, CA",LOS ANGELES
"SINCLAIR, WY",CARBON
"BAKERSFIELD, CA",KERN
"KERN, CA",KERN
"NEWBURGH, NY",ORANGE
"TUPMAN, CA",KERN
"OGG, OK",TULSA
"SAN JOSE, NY",ONONDAGA
"TURPIN, OK",BEAVER
"HERNDON, VA",FAIRFAX CITY
"SHINGLE SPRINGS, LA",WEBSTER
"POWELL, WY",PARK
"LEMONT, IL",COOK
"BUTTE, MT",SILVER BOW
"GATEWAY, MO",CASS
"WESTLAKE, LA",CALCASIEU
"CHIPPEWA FALLS, WI",CHIPPEWA
"GOLDSMITH, TX",ECTOR
"LAS VEGAS, NV",CLARK
"MILTON, WA",PIERCE
"NEWTON, KS",HARVEY
"BURIEN, WA",KING
"DORAVILLE, GA",DEKALB
"MORRISON, CO",JEFFERSON
"WATFORD CITY, ND",MCKENZIE
"BURKE, ND",MOUNTRAIL
"SAN JOSE, MO",NA
"MECHANICSBURG, PA",CUMBERLAND
"PEACHTREE CITY, GA",FAYETTE
"DES PLAINES, IL",COOK
"PUEBLO WEST, CO",PUEBLO
"ELIZABETH, NJ",UNION
"SILVERDALE, MI",ONTONAGON
"CINCINNATI, OH",HAMILTON
"SUNRAY, TX",MOORE
"SHINER, TX",LAVACA
"PULLMAN, WA",WHITMAN
"WAUSAU, WI",MARATHON
"SALT LAKE  CITY, UT",SALT LAKE
"GUERNSEY, WY",PLATTE
"DES MOINES, IA",POLK
" ,  ",NA
"WEST CHICAGO, IL",DUPAGE
"westlake, LA",CALCASIEU
"SPRINGFIELD, OR",LANE
"WRENSHALL, MN",CARLTON
"FORT WORTH, TX",GILLESPIE
"MONTEREY, CA",MONTEREY
"BELTON, SC",ANDERSON
"COLUMBUS, OH",FRANKLIN
"JENKS, OK",TULSA
"LAKESIDE, CA",SAN DIEGO
"WEST SACRAMENTO, CA",YOLO
"SLAUGHTER, TX",NA
"KINGFISHER, OK",KINGFISHER
"BARNHART, TX",IRION
"OPAL, WY",LINCOLN
"HUNTINGTON, IN",HUNTINGTON
"NILES, MI",BERRIEN
"LEVELLAND, TX",HOCKLEY
"ABILENE, TX",TAYLOR
"NEWARK, NJ",ESSEX
"CATOOSA, OK",ROGERS
"ARGO, IL",COOK
"WATKINS, CO",ADAMS
"JEFFERSON, TX",MARION
"ELK GROVE, CA",SACRAMENTO
"EUREKA, CA",HUMBOLDT
"RIVERHEAD, NY",SUFFOLK
"NIXON, TX",GONZALES
"ODESSA, TX",ECTOR
"MADISON, WI",DANE
"ROCHELLE, IL",OGLE
"ROSEVILLE, CA",PLACER
"LEWISTON, ID",NEZ PERCE
"VERNON, CA",LOS ANGELES
"WALTERBORO, SC",COLLETON
"EL PASO, TX",EL PASO
"LIMA, OH",ALLEN
"SPOKANE, VA",NORTHAMPTON
"OAK HARBOR, WA",ISLAND
"HUTCHINSON, TX",HUTCHINSON
"FERRYSBURG, MI",OTTAWA
"REDDING, CA",SHASTA
"ALTOONA, PA",BLAIR
"SEATTLE, CA",MODOC
"GENEVA, NE",FILLMORE
"BUCKEYE, TX",MATAGORDA
